id_var_mean,id_var_std,ood_var_mean,ood_var_std,auc,num_id,num_ood
0.0027657782193273306,0.001809681300073862,0.1241418719291687,0.16813601553440094,0.9935937523841858,80,80
