step,event,human_pref_text,self_trust_robot,human_trust_in_robot,lambda_robot,human_influence_scale,risk_preference_h,lambda_effective,safe_mode
0,INIT,,0.7,0.7,0.9500000000000002,1.14,,,False
1,SUCCESS,"Προτίμηση: φτάσε γρήγορα, αποδέχομαι ρίσκο",0.72,0.73,0.9199999999999999,1.176,0.9,0.092,False
2,NEAR_MISS,"Προτίμηση: φτάσε γρήγορα, αποδέχομαι ρίσκο",0.69,0.6799999999999999,0.9650000000000001,1.1159999999999999,0.9,0.10344799999999976,False
3,FAILURE,"Προτίμηση: πιο ασφαλής διαδρομή, ακόμη κι αν είναι αργή",0.59,0.5299999999999999,1.115,0.9359999999999999,0.1,1.9499119999999999,False
4,HUMAN_OVERRIDE,Αποφεύγετε σκοτεινές / low-feature περιοχές,0.5399999999999999,0.4499999999999999,1.1900000000000002,0.8399999999999999,0.5,1.1900000000000002,False
5,SUCCESS,balanced,0.5599999999999999,0.47999999999999987,1.1600000000000001,0.8759999999999999,0.5,1.1600000000000001,False
6,HUMAN_APPROVAL,"χωρίς ρίσκο, θέλω πολύ ασφαλή διαδρομή",0.59,0.5299999999999999,1.115,0.9359999999999999,0.0,2.15864,False
