method,n_queries,found_rate,mean_expansions,mean_path_length,mean_suboptimality,mean_h_std
classic_astar,100,1.0000,264.48,30.1400,1.000000,0.000000
uncertainty_astar(beta=-1.0),100,1.0000,172.63,30.1400,1.000000,2.382816
uncertainty_astar(beta=-0.5),100,1.0000,113.54,30.1400,1.000000,2.143945
uncertainty_astar(beta=+0.0),100,1.0000,95.38,30.1800,1.001170,1.986564
uncertainty_astar(beta=+0.5),100,1.0000,95.47,30.2600,1.003092,1.921758
uncertainty_astar(beta=+1.0),100,1.0000,97.65,30.4400,1.008421,1.891271
