policy,mean_length,mean_drift,mean_unc,mean_cost,success_rate,safe_mode_ratio,num_trials
adaptive_risk,10.862170892860814,1.634676676501479,0.004616173913037996,14.420740890975953,0.905,0.0,200
baseline_shortest,10.18165594073411,2.5816043898291166,0.004792076887827168,10.18165594073411,0.7,0.0,200
fixed_risk,10.838747164825008,1.6086054293055612,0.004385792379898423,13.909524165768113,0.915,0.0,200
ood_aware,11.15862820084731,1.472144716101858,0.004639960469564759,14.862970217923145,0.94,0.315,200
