x,y,entropy_gain,uncertainty_gain,distance,score,vla_score,vla_intent
15.115776081424936,25.346055979643765,26.523038451512587,57.599999999999994,29.154759474226502,51.769048105154695,1.000000,fast_navigation
