method,n_queries,found_rate,mean_expansions,mean_path_length,mean_suboptimality,mean_h_std,mean_fallback_rate,mean_compute_time_ms
classic_astar,100,0.84,1039.29,inf,1.0,0.0,0.0,1.3440608797827736
learned_uncertainty_astar(beta=0.0),100,0.84,245.52,inf,1.0,1.996161295685255,0.0,13.699124710001342
hybrid_astar(tau=0.50),100,0.84,1040.59,inf,1.0,4.383082609397886,0.9567154693846178,42.6120898202862
hybrid_astar(tau=1.00),100,0.84,1029.72,inf,1.0,4.405677986119033,0.946284299520816,42.601317319786176
hybrid_astar(tau=1.50),100,0.84,1008.41,inf,1.0,4.453422053556013,0.9238465336589157,42.16467169993848
hybrid_astar(tau=2.00),100,0.84,1001.32,inf,1.0,4.434912579503399,0.8688518306342345,42.60310485969967
hybrid_astar(tau=3.00),100,0.84,910.22,inf,1.0002903600464577,4.528781178818138,0.7610100725474956,40.5222234802568
